name,last_name,email,role_enum
Isobel,Scattergood,iscattergood0@wikia.com,QA
Raffaello,Billingham,rbillingham1@devhub.com,QA
Amata,Eberlein,aeberlein2@printfriendly.com,DEV
Simona,Mogra,smogra3@sun.com,DEV_OPS
Sherwynd,Ruter,sruter4@w3.org,QA
Jen,Ansell,jansell5@geocities.com,DEV_OPS
Alleen,Ikins,aikins6@ibm.com,DEV
Timmi,Tewkesberrie,ttewkesberrie7@sciencedaily.com,DEV
Mark,Larmuth,mlarmuth8@blinklist.com,DEV
Justis,Warrier,jwarrier9@spiegel.de,DEV
Brady,Fogden,bfogdena@dmoz.org,QA
Roseanna,Holleran,rholleranb@1688.com,DEV_OPS
Jilly,Benit,jbenitc@diigo.com,DEV
Carine,Kadar,ckadard@scientificamerican.com,QA
Nellie,Garry,ngarrye@weibo.com,DEV_OPS
Derby,Purple,dpurplef@friendfeed.com,DEV_OPS
Bobbee,Brydone,bbrydoneg@pinterest.com,DEV_OPS
Mirilla,Buttrey,mbuttreyh@tiny.cc,QA
Nigel,Kelson,nkelsoni@fc2.com,QA
Grata,Feveryear,gfeveryearj@phoca.cz,DEV_OPS
Nannette,Rollings,nrollingsk@twitpic.com,DEV
Prent,Gonnelly,pgonnellyl@msn.com,QA
Roseanne,Lacaze,rlacazem@webs.com,DEV
Coralie,Paton,cpatonn@dropbox.com,DEV_OPS
Oliver,Tures,otureso@lulu.com,DEV_OPS
Borden,Gauvain,bgauvainp@cam.ac.uk,DEV
Shari,McVey,smcveyq@disqus.com,DEV
Peri,Moretto,pmorettor@t.co,DEV_OPS
Bobbie,Di Bernardo,bdibernardos@ucsd.edu,DEV_OPS
Olivero,Caldecourt,ocaldecourtt@sfgate.com,DEV_OPS
Herold,Meeny,hmeenyu@storify.com,DEV
Falkner,Wakeling,fwakelingv@opera.com,DEV
Gertrudis,Boughen,gboughenw@fastcompany.com,DEV
Colby,Hammand,chammandx@multiply.com,DEV
Richardo,Cleator,rcleatory@gravatar.com,DEV
Berkley,Studd,bstuddz@photobucket.com,QA
Griswold,Lamonby,glamonby10@cnet.com,DEV
Rani,Haire,rhaire11@independent.co.uk,DEV_OPS
Simone,Shave,sshave12@arstechnica.com,DEV_OPS
Salem,Raddenbury,sraddenbury13@e-recht24.de,DEV
Lauree,Ector,lector14@foxnews.com,DEV_OPS
Pris,Lorente,plorente15@mac.com,DEV
Che,Cossons,ccossons16@smh.com.au,DEV_OPS
Augustina,Wass,awass17@theguardian.com,QA
Lillis,Berthomieu,lberthomieu18@mit.edu,DEV_OPS
Jeri,Morfey,jmorfey19@jigsy.com,DEV
Shaine,Barbrook,sbarbrook1a@msn.com,DEV
Ethelind,McCumskay,emccumskay1b@fastcompany.com,QA
Dorita,Peel,dpeel1c@theguardian.com,QA
Gorden,Scriver,gscriver1d@prlog.org,DEV_OPS
Oberon,Piell,opiell1e@theguardian.com,DEV
Tedman,Spier,tspier1f@msu.edu,QA
Rosalia,Lowey,rlowey1g@independent.co.uk,QA
Gerta,Coughlan,gcoughlan1h@blogtalkradio.com,DEV
Lorens,Middle,lmiddle1i@bloglines.com,DEV_OPS
Lyn,Clemenzo,lclemenzo1j@indiegogo.com,QA
Julietta,Goodby,jgoodby1k@360.cn,DEV
Toiboid,Hellwig,thellwig1l@eepurl.com,DEV
Mitchel,Lampel,mlampel1m@topsy.com,QA
Lazare,Copperwaite,lcopperwaite1n@uol.com.br,DEV_OPS
Peder,Hixson,phixson1o@vimeo.com,QA
Silvio,Stannion,sstannion1p@elpais.com,DEV_OPS
Solly,Ector,sector1q@nhs.uk,DEV
Karina,Arnao,karnao1r@feedburner.com,DEV
Eden,Bartolomivis,ebartolomivis1s@free.fr,DEV
Esra,Unwins,eunwins1t@wikia.com,QA
Antonius,Asquith,aasquith1u@mlb.com,QA
Con,Dexter,cdexter1v@tamu.edu,QA
Kirbee,Gurry,kgurry1w@merriam-webster.com,DEV_OPS
Bryana,Addionisio,baddionisio1x@free.fr,DEV_OPS
Catriona,Maskelyne,cmaskelyne1y@4shared.com,DEV_OPS
Annette,Busby,abusby1z@squidoo.com,DEV
Margarita,Magister,mmagister20@quantcast.com,DEV_OPS
Thomasin,Cunnane,tcunnane21@webs.com,DEV
Stephie,Brimelow,sbrimelow22@feedburner.com,QA
Kele,McColl,kmccoll23@e-recht24.de,DEV_OPS
Lilly,Joye,ljoye24@google.it,DEV_OPS
Gerald,Tomlins,gtomlins25@arstechnica.com,QA
Casar,Klimentyev,cklimentyev26@cdc.gov,DEV
Ric,Guiness,rguiness27@ebay.co.uk,QA
Simone,Charkham,scharkham28@t-online.de,DEV
Sascha,Bawdon,sbawdon29@about.com,DEV
Rafael,Shaudfurth,rshaudfurth2a@unesco.org,DEV_OPS
Vina,Wayte,vwayte2b@instagram.com,DEV_OPS
Cory,Ickovicz,cickovicz2c@google.co.jp,DEV
Tansy,Jeroch,tjeroch2d@nature.com,DEV_OPS
Humfrey,Berthomier,hberthomier2e@spiegel.de,DEV_OPS
Bancroft,Pagan,bpagan2f@wikipedia.org,DEV_OPS
Lisbeth,Drezzer,ldrezzer2g@people.com.cn,DEV_OPS
Pietrek,Vane,pvane2h@parallels.com,DEV_OPS
Charity,McNea,cmcnea2i@ted.com,DEV_OPS
Lenee,Kearle,lkearle2j@studiopress.com,QA
Ellyn,Colston,ecolston2k@state.tx.us,QA
Perice,Leuty,pleuty2l@unblog.fr,DEV_OPS
Montgomery,Zahor,mzahor2m@ustream.tv,DEV_OPS
Nadean,Pesticcio,npesticcio2n@360.cn,DEV_OPS
Romonda,Jellico,rjellico2o@reuters.com,DEV
Brenden,Malcolmson,bmalcolmson2p@sphinn.com,DEV_OPS
Fayina,Cranney,fcranney2q@home.pl,DEV_OPS
Hagen,Vose,hvose2r@china.com.cn,DEV_OPS
Myca,Officer,mofficer2s@so-net.ne.jp,DEV_OPS
Sloan,Rolley,srolley2t@go.com,DEV
Noami,Lidgley,nlidgley2u@springer.com,DEV
Kirby,Murphey,kmurphey2v@yolasite.com,QA
Fidela,Lathan,flathan2w@twitpic.com,DEV
Federica,Igo,figo2x@unesco.org,DEV_OPS
Cori,Rowlin,crowlin2y@slideshare.net,DEV_OPS
Rosaleen,Deverock,rdeverock2z@disqus.com,QA
Neall,Mee,nmee30@abc.net.au,DEV_OPS
Gradeigh,Dalgarno,gdalgarno31@loc.gov,QA
Pavel,Ramelet,pramelet32@themeforest.net,QA
Miof mela,Round,mround33@zdnet.com,DEV_OPS
Diena,Giorgetti,dgiorgetti34@webs.com,QA
Ronnica,Scarbarrow,rscarbarrow35@over-blog.com,DEV
Cassandre,Dicey,cdicey36@google.de,DEV_OPS
Maurizia,Blanc,mblanc37@reference.com,DEV
Gilberte,Cockson,gcockson38@dmoz.org,DEV_OPS
Edin,Burstowe,eburstowe39@w3.org,DEV_OPS
Fairfax,Starzaker,fstarzaker3a@army.mil,DEV_OPS
Hobie,Theodoris,htheodoris3b@accuweather.com,DEV
Benoite,Priver,bpriver3c@loc.gov,QA
Inna,Ivanitsa,iivanitsa3d@freewebs.com,DEV
Clerc,Redish,credish3e@elegantthemes.com,QA
Baxie,Stag,bstag3f@ycombinator.com,QA
Gwenora,Skae,gskae3g@va.gov,DEV_OPS
Zachariah,Heymes,zheymes3h@about.com,QA
Ede,Remirez,eremirez3i@independent.co.uk,DEV
Kimberlee,Seleway,kseleway3j@ftc.gov,DEV_OPS
Gian,Boshard,gboshard3k@devhub.com,QA
Jock,Burnep,jburnep3l@un.org,DEV
Arlene,Lyddy,alyddy3m@free.fr,QA
Maighdiln,Plaschke,mplaschke3n@bbb.org,DEV
Jammie,Spensly,jspensly3o@bbb.org,QA
Aprilette,Parkey,aparkey3p@issuu.com,DEV
Danika,Lorens,dlorens3q@bigcartel.com,DEV
Norris,Insley,ninsley3r@huffingtonpost.com,QA
Valenka,Ruggier,vruggier3s@java.com,DEV
Fritz,Ivanichev,fivanichev3t@odnoklassniki.ru,DEV_OPS
Allison,MacNeish,amacneish3u@go.com,QA
Hollie,Twitchings,htwitchings3v@twitpic.com,DEV
Gabey,Kubec,gkubec3w@house.gov,DEV_OPS
Hedda,MacCart,hmaccart3x@jugem.jp,DEV
Robbi,Waldren,rwaldren3y@jugem.jp,DEV_OPS
Anthe,Reisin,areisin3z@auda.org.au,DEV
Lilian,Van Der Straaten,lvanderstraaten40@eventbrite.com,DEV_OPS
Tierney,Westraw,twestraw41@com.com,DEV
Sherilyn,Fandrich,sfandrich42@house.gov,QA
Price,Mainson,pmainson43@networkadvertising.org,QA
Kurt,Eborn,keborn44@kickstarter.com,QA
Casie,Matuschek,cmatuschek45@digg.com,DEV_OPS
Bartholomeus,Carcas,bcarcas46@umn.edu,DEV
Rosaline,Drake,rdrake47@twitter.com,QA
Jerrome,Medd,jmedd48@engadget.com,QA
Deborah,Petric,dpetric49@bizjournals.com,QA
Amelita,Andreotti,aandreotti4a@seattletimes.com,QA
Skyler,Schultes,sschultes4b@comcast.net,QA
Iver,Hurdle,ihurdle4c@prweb.com,QA
Gretal,Quinane,gquinane4d@washingtonpost.com,DEV_OPS
Aluin,Whoolehan,awhoolehan4e@irs.gov,DEV_OPS
Alice,Vennings,avennings4f@lulu.com,DEV_OPS
Hurley,Yearron,hyearron4g@theglobeandmail.com,DEV_OPS
Jerrine,Haffner,jhaffner4h@theglobeandmail.com,QA
Davy,Gian,dgian4i@noaa.gov,QA
Lorens,Chamberlain,lchamberlain4j@shutterfly.com,QA
Gar,Lott,glott4k@psu.edu,DEV
Antonio,Faulo,afaulo4l@mac.com,DEV_OPS
Zorina,Papaccio,zpapaccio4m@cargocollective.com,QA
Guglielmo,Peepall,gpeepall4n@jalbum.net,DEV
Sadie,Reubel,sreubel4o@1und1.de,QA
Elliot,Lamerton,elamerton4p@ifeng.com,QA
Marrilee,Lawry,mlawry4q@eventbrite.com,DEV
Shandeigh,Frary,sfrary4r@lulu.com,DEV_OPS
Issy,McGilvary,imcgilvary4s@npr.org,QA
Katharina,Farnish,kfarnish4t@vk.com,QA
Eddi,Arnoldi,earnoldi4u@businessinsider.com,DEV
Berenice,Danton,bdanton4v@home.pl,DEV
Melicent,Kabsch,mkabsch4w@aol.com,DEV_OPS
Micky,McCroary,mmccroary4x@msn.com,DEV_OPS
Marcos,Mendonca,mmendonca4y@dedecms.com,DEV_OPS
Sibbie,Ambrogi,sambrogi4z@boston.com,DEV
Liva,Niland,lniland50@reuters.com,DEV_OPS
Kirby,O'Ferris,koferris51@deliciousdays.com,DEV_OPS
Mickey,Casado,mcasado52@admin.ch,DEV_OPS
Worthington,Haxbie,whaxbie53@amazon.co.uk,DEV_OPS
Lorin,Sor,lsor54@artisteer.com,QA
Sander,Beadman,sbeadman55@japanpost.jp,DEV
Sephira,Marconi,smarconi56@typepad.com,DEV
Coraline,Roberto,croberto57@hp.com,DEV
Floria,June,fjune58@sbwire.com,DEV_OPS
Bonny,Goldfinch,bgoldfinch59@networksolutions.com,DEV
Barron,Bomb,bbomb5a@house.gov,DEV_OPS
Verina,Macci,vmacci5b@themeforest.net,DEV_OPS
Jamal,Troke,jtroke5c@addtoany.com,DEV_OPS
Caralie,Brammall,cbrammall5d@home.pl,DEV
Amberly,Heining,aheining5e@acquirethisname.com,DEV_OPS
Roxane,Gauson,rgauson5f@rambler.ru,QA
Den,Whitaker,dwhitaker5g@wufoo.com,QA
Aurlie,Jelliman,ajelliman5h@cnbc.com,DEV_OPS
Domingo,Martensen,dmartensen5i@altervista.org,DEV_OPS
Norrie,Sutherley,nsutherley5j@slashdot.org,DEV_OPS
Georgina,Linfoot,glinfoot5k@earthlink.net,DEV_OPS
Curry,Thurstance,cthurstance5l@sun.com,DEV
Tiphani,Levesque,tlevesque5m@redcross.org,DEV
Bent,Englishby,benglishby5n@boston.com,QA
Wallache,Howlings,whowlings5o@fda.gov,DEV_OPS
Bev,Llorens,bllorens5p@blogs.com,DEV_OPS
Earle,Stobbes,estobbes5q@census.gov,DEV_OPS
Mireielle,Normanvill,mnormanvill5r@google.cn,DEV
Margette,Henrichsen,mhenrichsen5s@moonfruit.com,QA
Pietro,Harp,pharp5t@sbwire.com,DEV_OPS
Si,Frichley,sfrichley5u@huffingtonpost.com,DEV
Wilek,Prangnell,wprangnell5v@eventbrite.com,DEV_OPS
Darby,MacTavish,dmactavish5w@cpanel.net,DEV
Prissie,Verchambre,pverchambre5x@sourceforge.net,QA
Diana,Sidary,dsidary5y@tuttocitta.it,QA
Jeffry,Mahaddy,jmahaddy5z@dailymotion.com,DEV_OPS
Freddi,Manueau,fmanueau60@studiopress.com,DEV_OPS
Rex,McGillacoell,rmcgillacoell61@stanford.edu,DEV
Rosa,Howat,rhowat62@sphinn.com,DEV
Reginauld,Libero,rlibero63@marriott.com,QA
Ulises,Glauber,uglauber64@networksolutions.com,DEV_OPS
Britte,Ingall,bingall65@opera.com,QA
Hulda,Kembrey,hkembrey66@histats.com,DEV
Heindrick,Ruffy,hruffy67@illinois.edu,QA
Claudio,Whiles,cwhiles68@e-recht24.de,DEV_OPS
Sherie,Danelut,sdanelut69@reference.com,DEV
Quillan,Stirrip,qstirrip6a@webmd.com,DEV_OPS
Itch,Novakovic,inovakovic6b@dagondesign.com,QA
Agnola,Lock,alock6c@csmonitor.com,DEV_OPS
Nikoletta,Godball,ngodball6d@scientificamerican.com,DEV
Joseph,Dami,jdami6e@uol.com.br,QA
Avril,Postles,apostles6f@digg.com,DEV_OPS
Anselm,Jandak,ajandak6g@ocn.ne.jp,DEV
Emilee,Dibling,edibling6h@desdev.cn,DEV
Rayshell,Scamp,rscamp6i@purevolume.com,DEV_OPS
Silvester,Ervine,servine6j@rediff.com,DEV_OPS
Andree,Jillins,ajillins6k@mysql.com,DEV
Read,Castille,rcastille6l@dropbox.com,QA
Pip,Sunter,psunter6m@joomla.org,QA
Deerdre,Ruecastle,druecastle6n@amazon.com,DEV
Brit,Sibbering,bsibbering6o@hud.gov,DEV
Cynthea,Wardell,cwardell6p@mit.edu,DEV_OPS
Masha,Keyes,mkeyes6q@npr.org,QA
Nikolia,McVity,nmcvity6r@shareasale.com,DEV
Kailey,Delicate,kdelicate6s@slashdot.org,QA
Kasey,Dy,kdy6t@uol.com.br,DEV_OPS
Howie,Treherne,htreherne6u@de.vu,DEV_OPS
Charin,Elson,celson6v@last.fm,DEV_OPS
Bogart,Purviss,bpurviss6w@wunderground.com,QA
Tiffani,Hamlington,thamlington6x@usatoday.com,QA
Rosalind,Antonopoulos,rantonopoulos6y@google.com,QA
Andrea,Parkman,aparkman6z@paypal.com,DEV_OPS
Gabie,Braniff,gbraniff70@census.gov,QA
Worthy,Goring,wgoring71@cafepress.com,QA
Britte,Goddman,bgoddman72@sina.com.cn,DEV_OPS
Nancie,Malkin,nmalkin73@stanford.edu,QA
Rockwell,Trussman,rtrussman74@bravesites.com,QA
Stacy,Pasterfield,spasterfield75@bbb.org,DEV_OPS
Lane,Bythell,lbythell76@spotify.com,DEV_OPS
Karlan,Silburn,ksilburn77@geocities.jp,DEV
Ike,Lepere,ilepere78@blogtalkradio.com,DEV_OPS
Dacey,Skipperbottom,dskipperbottom79@typepad.com,DEV
Emelia,Pierri,epierri7a@qq.com,QA
Uta,Faucherand,ufaucherand7b@hud.gov,DEV
Clarke,Willars,cwillars7c@hhs.gov,DEV_OPS
Milton,Cathenod,mcathenod7d@cisco.com,QA
Miriam,Malyon,mmalyon7e@etsy.com,QA
Cris,Yanez,cyanez7f@canalblog.com,DEV_OPS
Tammie,Goodyear,tgoodyear7g@spiegel.de,QA
Shawn,Pycock,spycock7h@latimes.com,QA
Aleta,Shadrack,ashadrack7i@hp.com,DEV_OPS
Charlena,Killwick,ckillwick7j@sitemeter.com,QA
Almeda,Loughhead,aloughhead7k@globo.com,DEV_OPS
Deeann,Dudley,ddudley7l@arstechnica.com,QA
Gerick,Frankowski,gfrankowski7m@jigsy.com,DEV_OPS
Hephzibah,McGavigan,hmcgavigan7n@cyberchimps.com,QA
Jacquetta,McGown,jmcgown7o@disqus.com,DEV_OPS
Lindsey,Scarrott,lscarrott7p@ycombinator.com,DEV_OPS
Adrea,Goldis,agoldis7q@walmart.com,DEV_OPS
Gerick,Chamney,gchamney7r@drupal.org,QA
Ilysa,Fero,ifero7s@salon.com,QA
Renate,Goold,rgoold7t@opensource.org,QA
Ardis,Tiffin,atiffin7u@patch.com,DEV
Donia,Poyner,dpoyner7v@ameblo.jp,QA
Corly,Falconer-Taylor,cfalconertaylor7w@skyrock.com,DEV_OPS
Giorgio,Smallpeace,gsmallpeace7x@deliciousdays.com,QA
Chad,Spreckley,cspreckley7y@wikimedia.org,DEV_OPS
Candis,Churchward,cchurchward7z@lulu.com,QA
Filbert,Gummow,fgummow80@mail.ru,DEV
Cullen,Wilce,cwilce81@alibaba.com,QA
Hubie,Coddington,hcoddington82@latimes.com,DEV
Gav,Mettrick,gmettrick83@springer.com,DEV_OPS
Darcey,Kilbourn,dkilbourn84@elegantthemes.com,DEV
Philippa,Packman,ppackman85@auda.org.au,QA
Cass,Vitet,cvitet86@eepurl.com,DEV_OPS
Alair,Service,aservice87@diigo.com,DEV_OPS
Deborah,Kinkead,dkinkead88@desdev.cn,DEV
Romona,Dillestone,rdillestone89@pbs.org,QA
Terese,De Domenicis,tdedomenicis8a@homestead.com,QA
Joelly,Bartelet,jbartelet8b@fastcompany.com,QA
Luciana,Braam,lbraam8c@jiathis.com,DEV_OPS
Otes,Golbourn,ogolbourn8d@hibu.com,QA
Bridie,Mobius,bmobius8e@springer.com,DEV
Lorie,Verrall,lverrall8f@imgur.com,QA
Ilka,Cockrem,icockrem8g@ask.com,DEV_OPS
Tamarra,Jenny,tjenny8h@huffingtonpost.com,DEV_OPS
Brig,Ashbee,bashbee8i@chronoengine.com,DEV
Ade,Molson,amolson8j@mit.edu,QA
Shaine,Bilton,sbilton8k@hhs.gov,DEV_OPS
Thadeus,Gamage,tgamage8l@buzzfeed.com,QA
Chaddie,Sivier,csivier8m@java.com,QA
Witty,Alwood,walwood8n@prlog.org,QA
Rahal,Tideswell,rtideswell8o@oaic.gov.au,DEV_OPS
Aurthur,Southerden,asoutherden8p@smugmug.com,QA
Clotilda,Buey,cbuey8q@cdc.gov,QA
Issie,Grigorescu,igrigorescu8r@dagondesign.com,DEV
Alyce,Pristnor,apristnor8s@va.gov,QA
Haily,Franzen,hfranzen8t@quantcast.com,DEV
Dalila,McPartlin,dmcpartlin8u@tmall.com,QA
Jacky,Ragsdale,jragsdale8v@macromedia.com,DEV
Celina,Stroband,cstroband8w@moonfruit.com,DEV_OPS
Gradey,Charle,gcharle8x@nhs.uk,DEV_OPS
Shana,Corse,scorse8y@google.com.br,DEV_OPS
Nicola,Patters,npatters8z@last.fm,QA
Gal,Regina,gregina90@google.com.br,DEV
Donni,Canadine,dcanadine91@phpbb.com,QA
Dru,McIlhagga,dmcilhagga92@blog.com,QA
Georgina,Ovington,govington93@psu.edu,DEV_OPS
Camellia,Bendix,cbendix94@tumblr.com,DEV_OPS
Roch,Glen,rglen95@hatena.ne.jp,DEV_OPS
Fabio,Pundy,fpundy96@sitemeter.com,DEV
Nani,Lighterness,nlighterness97@walmart.com,QA
Tyrone,Sheen,tsheen98@vk.com,DEV
Aloysius,Extance,aextance99@slate.com,DEV
Shaun,Symones,ssymones9a@google.co.uk,QA
Farleigh,Huggin,fhuggin9b@php.net,DEV
Fernandina,Alwin,falwin9c@digg.com,QA
Joby,Winscomb,jwinscomb9d@imdb.com,DEV_OPS
Dmitri,Boult,dboult9e@squidoo.com,DEV_OPS
Gradeigh,Orpen,gorpen9f@ca.gov,DEV
Friedrich,Leaney,fleaney9g@barnesandnoble.com,DEV_OPS
Clarita,Constable,cconstable9h@eepurl.com,QA
Theodosia,Comino,tcomino9i@virginia.edu,DEV_OPS
Merissa,Playfair,mplayfair9j@webmd.com,DEV
Juliane,Gajownik,jgajownik9k@stanford.edu,DEV_OPS
Aksel,Keyes,akeyes9l@cdc.gov,DEV
Emmalynn,Lettuce,elettuce9m@hud.gov,DEV_OPS
Wilfred,Ramshaw,wramshaw9n@hp.com,DEV
Allis,Altoft,aaltoft9o@ycombinator.com,QA
Sissie,Yearsley,syearsley9p@ezinearticles.com,DEV_OPS
Porter,Crosio,pcrosio9q@shop-pro.jp,QA
Thornie,Najara,tnajara9r@uiuc.edu,DEV_OPS
Tyson,Dirkin,tdirkin9s@buzzfeed.com,DEV_OPS
Hewe,Bart,hbart9t@blinklist.com,DEV_OPS
Skyler,Foote,sfoote9u@networksolutions.com,DEV_OPS
Dov,Snoxill,dsnoxill9v@amazon.de,DEV
Myrilla,Graine,mgraine9w@amazon.co.uk,DEV_OPS
Misti,Croci,mcroci9x@oaic.gov.au,QA
Kippie,Scotchford,kscotchford9y@devhub.com,DEV_OPS
Tine,Fielding,tfielding9z@ameblo.jp,DEV_OPS
Rodd,Myrie,rmyriea0@ed.gov,QA
Nichol,Storres,nstorresa1@linkedin.com,DEV_OPS
Juliette,Tanguy,jtanguya2@cnet.com,DEV
Celestyn,Benoy,cbenoya3@domainmarket.com,DEV_OPS
Shurlocke,Oxlade,soxladea4@ebay.com,DEV
Nicoline,Grishankov,ngrishankova5@creativecommons.org,DEV_OPS
Betteanne,Durdy,bdurdya6@blinklist.com,QA
Lorens,O'Hallagan,lohallagana7@blinklist.com,DEV_OPS
Angie,Bowhay,abowhaya8@disqus.com,QA
Zorana,Stych,zstycha9@nhs.uk,QA
Beret,Bridson,bbridsonaa@example.com,QA
Leonhard,Greve,lgreveab@va.gov,DEV
Rosette,Dellenty,rdellentyac@guardian.co.uk,DEV_OPS
Brnaby,McKerton,bmckertonad@howstuffworks.com,DEV_OPS
Charleen,Paulus,cpaulusae@examiner.com,DEV
Silvester,Huddlestone,shuddlestoneaf@twitter.com,DEV
Nelly,Castan,ncastanag@addthis.com,DEV_OPS
Leisha,Cottu,lcottuah@networkadvertising.org,DEV
Nester,Graine,ngraineai@altervista.org,DEV_OPS
Karia,Rawling,krawlingaj@istockphoto.com,DEV_OPS
Shirlene,Manston,smanstonak@google.ca,DEV_OPS
Laurent,Jentle,ljentleal@earthlink.net,DEV_OPS
Baxie,Greystoke,bgreystokeam@xinhuanet.com,DEV
Pat,Skeldinge,pskeldingean@opensource.org,DEV_OPS
Goddard,Legen,glegenao@ox.ac.uk,QA
Jacquetta,Brownsmith,jbrownsmithap@npr.org,DEV
Waverley,Clurow,wclurowaq@mtv.com,QA
Sybila,Totterdell,stotterdellar@networkadvertising.org,QA
Seana,Strickler,sstrickleras@free.fr,DEV
Elli,Bamlet,ebamletat@youtu.be,QA
Vale,Clohissy,vclohissyau@sakura.ne.jp,QA
Tate,Lankford,tlankfordav@businesswire.com,QA
Berna,Buckles,bbucklesaw@networkadvertising.org,DEV_OPS
Faydra,Oldrey,foldreyax@yandex.ru,QA
Kenton,Coucha,kcouchaay@edublogs.org,DEV
Derk,Owttrim,dowttrimaz@jalbum.net,QA
Neddy,Vanichkin,nvanichkinb0@list-manage.com,DEV
Guthry,Broke,gbrokeb1@google.com,QA
Merry,MacFadden,mmacfaddenb2@ibm.com,DEV_OPS
Jeromy,Langan,jlanganb3@free.fr,DEV
Myra,Womersley,mwomersleyb4@abc.net.au,QA
Brannon,Monier,bmonierb5@hatena.ne.jp,DEV_OPS
Jori,Bruntjen,jbruntjenb6@newyorker.com,DEV
Alfred,Babonau,ababonaub7@google.nl,QA
Reginauld,Worham,rworhamb8@loc.gov,DEV_OPS
Cosette,Dougill,cdougillb9@usa.gov,DEV_OPS
Idaline,Pierton,ipiertonba@disqus.com,DEV_OPS
Alissa,Willgrass,awillgrassbb@slashdot.org,QA
Hadlee,Hardey,hhardeybc@amazonaws.com,QA
Jamima,Oliva,jolivabd@cbc.ca,DEV_OPS
Nil,Tremontana,ntremontanabe@scientificamerican.com,DEV_OPS
Marlane,Filochov,mfilochovbf@plala.or.jp,DEV
Becki,Mucillo,bmucillobg@cargocollective.com,DEV_OPS
Zelma,Harriagn,zharriagnbh@cnn.com,QA
Sadye,Lewendon,slewendonbi@ucsd.edu,DEV
Cecilla,Cordeiro,ccordeirobj@quantcast.com,DEV_OPS
Dacie,Stuckes,dstuckesbk@opera.com,DEV
Fraze,Titmus,ftitmusbl@usda.gov,QA
Bran,Parlour,bparlourbm@techcrunch.com,DEV
Chloette,Narracott,cnarracottbn@last.fm,DEV_OPS
Benetta,Habbijam,bhabbijambo@dropbox.com,DEV_OPS
Dorine,Hague,dhaguebp@php.net,DEV
Verla,Hewins,vhewinsbq@tumblr.com,QA
Adriano,Gyles,agylesbr@netvibes.com,DEV
Rennie,Rawlison,rrawlisonbs@unicef.org,DEV_OPS
Wesley,Tunnoch,wtunnochbt@nyu.edu,DEV_OPS
Costanza,Neylon,cneylonbu@hexun.com,QA
Silvano,Everil,severilbv@webs.com,DEV
Jordon,Jessard,jjessardbw@tinyurl.com,QA
Niki,Kubera,nkuberabx@devhub.com,DEV
Wyatt,Coale,wcoaleby@netlog.com,QA
Percival,Moreton,pmoretonbz@g.co,QA
Verina,Bothram,vbothramc0@com.com,DEV_OPS
Israel,Whelband,iwhelbandc1@bing.com,QA
Seward,Tregoning,stregoningc2@cargocollective.com,DEV
Claudetta,Steenson,csteensonc3@facebook.com,QA
Orin,Jakeman,ojakemanc4@51.la,DEV
Rusty,Solan,rsolanc5@umich.edu,DEV_OPS
Corenda,Matteo,cmatteoc6@woothemes.com,QA
Benita,Oatley,boatleyc7@typepad.com,QA
Thorsten,Lasty,tlastyc8@webnode.com,DEV
Cinnamon,Reucastle,creucastlec9@discovery.com,DEV_OPS
Koral,Wharfe,kwharfeca@flickr.com,DEV_OPS
Ashlee,Corrington,acorringtoncb@theatlantic.com,DEV_OPS
Faith,Boorer,fboorercc@wired.com,DEV_OPS
Nolie,Argont,nargontcd@shutterfly.com,DEV_OPS
Ferdie,Bax,fbaxce@wisc.edu,DEV
Anthia,Pallas,apallascf@examiner.com,DEV_OPS
Gothart,O'Grogane,gogroganecg@dropbox.com,DEV
Trixie,Skill,tskillch@1und1.de,DEV_OPS
Tabbie,Enrique,tenriqueci@csmonitor.com,QA
Stephie,Vennings,svenningscj@economist.com,QA
Randee,Paradine,rparadineck@gmpg.org,QA
Ezri,Bisterfeld,ebisterfeldcl@cdbaby.com,DEV
Gasparo,Baccus,gbaccuscm@ezinearticles.com,DEV
Betsy,Cathesyed,bcathesyedcn@house.gov,DEV
Fleming,Lanaway,flanawayco@fastcompany.com,DEV_OPS
Modestine,Coraini,mcorainicp@youtu.be,DEV
Tymon,Cullivan,tcullivancq@cloudflare.com,QA
Lavina,Filippozzi,lfilippozzicr@google.nl,QA
Maude,Gorini,mgorinics@studiopress.com,DEV
Robby,Henmarsh,rhenmarshct@t.co,DEV_OPS
Gannie,Wagge,gwaggecu@rambler.ru,DEV
Sherri,Joyner,sjoynercv@fastcompany.com,DEV_OPS
Mitchell,Caldow,mcaldowcw@ox.ac.uk,DEV
Vale,Lestor,vlestorcx@tripadvisor.com,DEV_OPS
Tommi,Emmet,temmetcy@rambler.ru,QA
Isa,Moden,imodencz@pinterest.com,DEV_OPS
Brigida,Ryhorovich,bryhorovichd0@addthis.com,DEV_OPS
Hoyt,Larsen,hlarsend1@plala.or.jp,QA
Jere,Torrans,jtorransd2@europa.eu,QA
Erastus,Domnick,edomnickd3@i2i.jp,DEV_OPS
Cort,Barraclough,cbarracloughd4@harvard.edu,DEV_OPS
Glynn,Haddleton,ghaddletond5@gnu.org,DEV
Rollo,Goudy,rgoudyd6@umn.edu,QA
Emmalynn,Fawthorpe,efawthorped7@ovh.net,DEV
Suzi,Milsted,smilstedd8@ask.com,DEV
Chloris,Kumaar,ckumaard9@histats.com,QA
Lynnet,Tointon,ltointonda@tripod.com,DEV
Artie,Jimson,ajimsondb@prnewswire.com,QA
Ondrea,Lesslie,olessliedc@disqus.com,QA
Courtney,O'Scollain,coscollaindd@adobe.com,DEV
Angele,Ropars,aroparsde@tripod.com,DEV
Faustina,Kubacki,fkubackidf@issuu.com,DEV_OPS
Amble,Meardon,ameardondg@sciencedaily.com,DEV_OPS
Carmela,Cicconettii,ccicconettiidh@twitter.com,DEV_OPS
Demetris,Roast,droastdi@godaddy.com,DEV
Chalmers,Dormand,cdormanddj@google.co.jp,DEV
Griff,Zorzetti,gzorzettidk@nationalgeographic.com,DEV
Jacob,Yellowlees,jyellowleesdl@yellowbook.com,DEV_OPS
Sloan,Peers,speersdm@discuz.net,QA
Adrianna,Ettery,aetterydn@house.gov,QA
Northrup,Stook,nstookdo@nps.gov,DEV_OPS
Frederick,Raylton,frayltondp@barnesandnoble.com,DEV_OPS
Jonathon,Bredbury,jbredburydq@unicef.org,QA
Dane,Wyche,dwychedr@nationalgeographic.com,DEV
Aubree,Billanie,abillanieds@abc.net.au,QA
Marlene,Torry,mtorrydt@slashdot.org,DEV_OPS
Ansell,Wasbrough,awasbroughdu@diigo.com,QA
Gael,Ciobutaro,gciobutarodv@ameblo.jp,DEV
Warren,Edelmann,wedelmanndw@over-blog.com,QA
Joaquin,Edinboro,jedinborodx@icq.com,DEV_OPS
Nicola,Turnbull,nturnbulldy@apple.com,DEV_OPS
Milli,Jeffels,mjeffelsdz@de.vu,QA
Carolin,Texton,ctextone0@europa.eu,QA
Boycie,Bradden,bbraddene1@reverbnation.com,DEV
Emory,Holwell,eholwelle2@blogspot.com,DEV_OPS
Carlotta,Hanaford,chanaforde3@sciencedirect.com,DEV_OPS
Stillman,Sheaf,ssheafe4@epa.gov,QA
Nikoletta,Tace,ntacee5@about.com,DEV_OPS
Gonzalo,Kyndred,gkyndrede6@hexun.com,DEV
Laina,Dellar,ldellare7@biblegateway.com,DEV
Lissy,Lodder,lloddere8@twitpic.com,QA
Saul,McGannon,smcgannone9@pen.io,QA
Florrie,Martellini,fmartelliniea@i2i.jp,DEV_OPS
Idelle,Zoellner,izoellnereb@deviantart.com,QA
Carmon,Yallop,cyallopec@census.gov,DEV_OPS
Bianka,Linnock,blinnocked@seattletimes.com,QA
Rhodie,Barg,rbargee@tripadvisor.com,DEV_OPS
Eimile,Ivanyukov,eivanyukovef@nasa.gov,DEV
Ilaire,Verdie,iverdieeg@engadget.com,QA
Luci,Matterdace,lmatterdaceeh@cloudflare.com,QA
Julius,Bater,jbaterei@aboutads.info,DEV
Olimpia,Bowerbank,obowerbankej@slashdot.org,DEV_OPS
Vonni,Umpleby,vumplebyek@google.com,DEV
Brantley,Pobjoy,bpobjoyel@mail.ru,DEV
Gwen,Farguhar,gfarguharem@nytimes.com,DEV
Claus,Iori,ciorien@usnews.com,DEV
Jillie,Jenken,jjenkeneo@ed.gov,DEV
Nert,Kolinsky,nkolinskyep@answers.com,DEV_OPS
Electra,Warburton,ewarburtoneq@about.com,QA
Junia,Sawford,jsawforder@twitpic.com,DEV
Juliane,Silcox,jsilcoxes@latimes.com,DEV_OPS
Jerrylee,Briers,jbrierset@yellowpages.com,DEV
Dom,Arden,dardeneu@bbc.co.uk,QA
Mandy,Bartali,mbartaliev@skype.com,DEV_OPS
Kelby,Conisbee,kconisbeeew@vkontakte.ru,QA
Henrik,Eam,heamex@wikispaces.com,QA
Bondon,Jaycock,bjaycockey@seesaa.net,DEV
Burk,Upcott,bupcottez@rediff.com,QA
Arch,Pelman,apelmanf0@dyndns.org,QA
Ulrick,Vicker,uvickerf1@disqus.com,QA
Boote,Govini,bgovinif2@tumblr.com,QA
Hazlett,Lorrain,hlorrainf3@china.com.cn,DEV
Harlene,Mournian,hmournianf4@oracle.com,DEV
Berky,Riach,briachf5@merriam-webster.com,QA
Erl,Stubbs,estubbsf6@usa.gov,DEV_OPS
Brien,Aujean,baujeanf7@vkontakte.ru,DEV_OPS
Derril,Cudmore,dcudmoref8@yahoo.co.jp,QA
Christy,Brunker,cbrunkerf9@blogtalkradio.com,DEV_OPS
Ilsa,Hardaway,ihardawayfa@prweb.com,QA
Shae,Geist,sgeistfb@arstechnica.com,DEV_OPS
Gwen,Kiehne,gkiehnefc@drupal.org,DEV_OPS
Gail,Grewer,ggrewerfd@uol.com.br,QA
Saundra,Tanti,stantife@hp.com,DEV
Maury,Bucktrout,mbucktroutff@cocolog-nifty.com,DEV
Kirbie,Boulter,kboulterfg@ftc.gov,DEV_OPS
Julianne,Mountain,jmountainfh@sphinn.com,DEV_OPS
Gregoor,Wilbraham,gwilbrahamfi@github.com,DEV_OPS
Lexis,Banes,lbanesfj@cocolog-nifty.com,QA
Debbi,Blackler,dblacklerfk@dagondesign.com,DEV_OPS
Gussi,Lightoller,glightollerfl@state.tx.us,DEV_OPS
Jody,Brixham,jbrixhamfm@tamu.edu,DEV
Baldwin,Cossell,bcossellfn@gravatar.com,DEV
Dwayne,Lattka,dlattkafo@sphinn.com,DEV_OPS
Gwendolen,Cervantes,gcervantesfp@w3.org,QA
Jacky,Rebeiro,jrebeirofq@bandcamp.com,DEV_OPS
Alfie,Gooders,agoodersfr@mail.ru,DEV_OPS
Quintus,Sweet,qsweetfs@java.com,QA
Deanne,Ewer,dewerft@blogger.com,QA
Pepi,Regglar,pregglarfu@un.org,DEV
Wilhelmina,Firbanks,wfirbanksfv@wikimedia.org,DEV_OPS
Will,Marklund,wmarklundfw@mashable.com,DEV
Bobbie,Melato,bmelatofx@fastcompany.com,DEV_OPS
Sileas,Fennelly,sfennellyfy@netlog.com,DEV
Hallsy,Watchorn,hwatchornfz@fastcompany.com,QA
Graehme,Sarfati,gsarfatig0@purevolume.com,QA
Dilly,Pealing,dpealingg1@senate.gov,DEV_OPS
Terrye,Adenet,tadenetg2@devhub.com,DEV_OPS
Mel,Mumbey,mmumbeyg3@engadget.com,QA
Brenda,Malkie,bmalkieg4@boston.com,DEV_OPS
Butch,Perryman,bperrymang5@wikimedia.org,DEV_OPS
Normy,Gustus,ngustusg6@exblog.jp,QA
Mae,Ubach,mubachg7@cmu.edu,DEV
Terrie,Klugel,tklugelg8@sakura.ne.jp,DEV
Sophronia,Vasilyev,svasilyevg9@instagram.com,DEV_OPS
Tildy,Blaxill,tblaxillga@cam.ac.uk,QA
Yasmin,Bainton,ybaintongb@mapy.cz,DEV_OPS
Sherill,Rassell,srassellgc@ftc.gov,DEV
Zach,Casserly,zcasserlygd@ft.com,DEV_OPS
Collin,Kyndred,ckyndredge@taobao.com,DEV
Allyn,Haryngton,aharyngtongf@dell.com,DEV
Frances,Bann,fbanngg@msn.com,DEV
Annalee,Adamthwaite,aadamthwaitegh@amazon.co.jp,QA
Sophi,Magner,smagnergi@acquirethisname.com,DEV_OPS
Meredith,Brachell,mbrachellgj@vinaora.com,DEV_OPS
Lorrayne,Gillet,lgilletgk@google.nl,DEV
Dre,Sleaford,dsleafordgl@wordpress.org,DEV_OPS
Perkin,Jorden,pjordengm@wix.com,QA
Niles,Mitchell,nmitchellgn@uol.com.br,QA
Bryn,Maywood,bmaywoodgo@cbc.ca,QA
Carma,Filyakov,cfilyakovgp@pcworld.com,QA
Chelsy,Augustin,caugustingq@nationalgeographic.com,QA
Hillary,Sealey,hsealeygr@google.de,QA
Iver,Tuckley,ituckleygs@technorati.com,DEV_OPS
Kendell,Woodage,kwoodagegt@xing.com,QA
Standford,Slowgrave,sslowgravegu@wikispaces.com,QA
Marita,Livsey,mlivseygv@loc.gov,QA
Shermie,Bogart,sbogartgw@go.com,QA
Robbie,Craiker,rcraikergx@acquirethisname.com,DEV
Eilis,Kestian,ekestiangy@mail.ru,QA
Leopold,Hadlington,lhadlingtongz@ft.com,DEV_OPS
Kristel,Austwick,kaustwickh0@weather.com,DEV_OPS
Jephthah,Breddy,jbreddyh1@vk.com,QA
Janina,Seargeant,jseargeanth2@kickstarter.com,DEV
Jamal,Rake,jrakeh3@businessinsider.com,DEV
Calida,Peak,cpeakh4@youtube.com,DEV
Lenci,Aldersea,lalderseah5@myspace.com,DEV_OPS
Rena,Sebrens,rsebrensh6@creativecommons.org,DEV
Storm,Mackinder,smackinderh7@prnewswire.com,DEV
Winslow,Demcak,wdemcakh8@over-blog.com,DEV
Loella,Flahy,lflahyh9@bigcartel.com,DEV_OPS
Beverly,Smallpeace,bsmallpeaceha@usnews.com,DEV_OPS
Anselm,Tarquinio,atarquiniohb@instagram.com,DEV
Dyana,Kears,dkearshc@webnode.com,QA
Gerianne,Meharg,gmeharghd@fotki.com,DEV
Justin,Fritchly,jfritchlyhe@ucsd.edu,DEV_OPS
Jazmin,Kealey,jkealeyhf@digg.com,DEV_OPS
Ilka,Hannan,ihannanhg@state.gov,DEV_OPS
Lydia,Smyth,lsmythhh@statcounter.com,QA
Dino,Rotherforth,drotherforthhi@wsj.com,DEV_OPS
Jeni,Care,jcarehj@accuweather.com,DEV
Rem,Burkart,rburkarthk@imgur.com,DEV_OPS
Jefferson,Basire,jbasirehl@apple.com,DEV
Taddeusz,Reuss,treusshm@123-reg.co.uk,DEV_OPS
Claudius,Whiteford,cwhitefordhn@archive.org,DEV
Ezekiel,Henstridge,ehenstridgeho@mapquest.com,QA
Kiele,Hamberston,khamberstonhp@google.ru,QA
Ellary,Felix,efelixhq@sohu.com,QA
Abigael,Schuelcke,aschuelckehr@123-reg.co.uk,DEV_OPS
Fina,Ingamells,fingamellshs@sciencedirect.com,DEV_OPS
Stacee,Pruckner,sprucknerht@ftc.gov,QA
Adrian,Summers,asummershu@ovh.net,DEV_OPS
Jacklin,Peidro,jpeidrohv@techcrunch.com,DEV_OPS
Teirtza,Noods,tnoodshw@mapquest.com,QA
Rosalynd,Cawkill,rcawkillhx@hp.com,QA
Nancy,Carslake,ncarslakehy@cocolog-nifty.com,DEV
Shayla,Ruoff,sruoffhz@jimdo.com,DEV
Raffarty,Gerrietz,rgerrietzi0@google.nl,DEV
Alix,Flanders,aflandersi1@hibu.com,DEV
Shanie,Kop,skopi2@wordpress.com,DEV
Harold,Hucklesby,hhucklesbyi3@disqus.com,DEV_OPS
Dionysus,Taggett,dtaggetti4@rakuten.co.jp,QA
Redford,Liffe,rliffei5@si.edu,QA
Sisile,Laffin,slaffini6@angelfire.com,DEV_OPS
Heidi,Fathers,hfathersi7@woothemes.com,QA
Margarita,Loosemore,mloosemorei8@ucoz.com,DEV
Law,Tweddle,ltweddlei9@posterous.com,DEV
Christiane,Yearsley,cyearsleyia@samsung.com,DEV_OPS
Everett,Giacovazzo,egiacovazzoib@indiegogo.com,QA
Archer,Brikner,abrikneric@webs.com,QA
Gus,Richardin,grichardinid@google.nl,DEV
Leia,Snepp,lsneppie@stanford.edu,QA
Shandie,Eddington,seddingtonif@cloudflare.com,DEV_OPS
Ebenezer,Label,elabelig@mac.com,DEV_OPS
Jordan,Tomasik,jtomasikih@yellowpages.com,DEV_OPS
Constancy,Lambkin,clambkinii@spiegel.de,QA
Karyn,Doey,kdoeyij@163.com,QA
Elwira,Shoesmith,eshoesmithik@cdbaby.com,DEV
Yanaton,Vaggs,yvaggsil@indiatimes.com,QA
Alisa,Stairs,astairsim@dion.ne.jp,DEV_OPS
Shawna,Joutapaitis,sjoutapaitisin@facebook.com,DEV_OPS
Darcey,Cosely,dcoselyio@so-net.ne.jp,DEV
Elfrida,Gouldstraw,egouldstrawip@unicef.org,DEV
Harris,Rugiero,hrugieroiq@sitemeter.com,DEV
Town,Neath,tneathir@typepad.com,DEV
Massimiliano,Chellam,mchellamis@walmart.com,QA
Zeke,Salan,zsalanit@google.co.uk,DEV_OPS
Beret,Asple,baspleiu@uol.com.br,DEV_OPS
Maribeth,Pighills,mpighillsiv@about.com,DEV_OPS
Scot,Sempill,ssempilliw@smugmug.com,DEV_OPS
Magnum,Irlam,mirlamix@shutterfly.com,QA
Susi,Errowe,serroweiy@eepurl.com,DEV
Rozele,Piotr,rpiotriz@google.com.hk,QA
Dahlia,Ilbert,dilbertj0@moonfruit.com,DEV
Grace,Halloway,ghallowayj1@tripadvisor.com,DEV
Yvon,Backhouse,ybackhousej2@washingtonpost.com,DEV_OPS
Jenifer,Ford,jfordj3@xrea.com,DEV_OPS
Alicia,Clohessy,aclohessyj4@issuu.com,QA
Moyna,Doodney,mdoodneyj5@umich.edu,QA
Irina,Castellan,icastellanj6@4shared.com,DEV
Dewey,Sallinger,dsallingerj7@answers.com,DEV
Kathlin,Beckenham,kbeckenhamj8@yellowpages.com,QA
Bobbette,Brognot,bbrognotj9@cdc.gov,DEV
Sissie,Srawley,ssrawleyja@imdb.com,QA
Rubia,Farrington,rfarringtonjb@wp.com,DEV_OPS
Alexandre,Mc Trusty,amctrustyjc@ed.gov,QA
Nial,Burnhill,nburnhilljd@dmoz.org,DEV
Brenna,Wattinham,bwattinhamje@gravatar.com,DEV_OPS
Adrea,Lawlie,alawliejf@time.com,DEV_OPS
Joshuah,Bails,jbailsjg@netvibes.com,DEV_OPS
Kathy,Porter,kporterjh@ted.com,QA
Heddi,Krates,hkratesji@umn.edu,DEV
Anatol,Sammons,asammonsjj@dedecms.com,QA
Vincents,Widd,vwiddjk@networkadvertising.org,DEV
Guillermo,Kohlerman,gkohlermanjl@live.com,DEV_OPS
Mireille,Sidsaff,msidsaffjm@hp.com,DEV_OPS
Alina,Late,alatejn@i2i.jp,QA
Aili,Fogarty,afogartyjo@godaddy.com,DEV_OPS
Emmi,Allabarton,eallabartonjp@goo.gl,DEV_OPS
Irvine,Cellone,icellonejq@slashdot.org,QA
Violante,Camble,vcamblejr@bing.com,DEV_OPS
Jade,Haddacks,jhaddacksjs@ftc.gov,DEV
Brose,Downs,bdownsjt@list-manage.com,DEV
Jodi,Fishenden,jfishendenju@cnn.com,DEV
Beitris,Leadbeatter,bleadbeatterjv@java.com,DEV_OPS
Dani,Doughartie,ddoughartiejw@usnews.com,QA
Gregoor,O'Sesnane,gosesnanejx@multiply.com,DEV
Pryce,Mahoney,pmahoneyjy@archive.org,DEV_OPS
Piotr,Dreossi,pdreossijz@domainmarket.com,DEV_OPS
Francyne,Shimon,fshimonk0@csmonitor.com,QA
Theodor,Danbi,tdanbik1@google.nl,QA
Dimitry,Shall,dshallk2@gizmodo.com,QA
Terza,Moen,tmoenk3@bloomberg.com,DEV_OPS
Niki,Darthe,ndarthek4@domainmarket.com,QA
Krista,Cundey,kcundeyk5@bloglovin.com,QA
Susanne,McNuff,smcnuffk6@google.co.uk,DEV
Hamilton,Templeton,htempletonk7@imdb.com,DEV_OPS
Wainwright,Palke,wpalkek8@senate.gov,DEV_OPS
Lloyd,Mennear,lmenneark9@cyberchimps.com,DEV
Shaylyn,Shillinglaw,sshillinglawka@reddit.com,DEV
Christiano,Quartermaine,cquartermainekb@barnesandnoble.com,QA
Batholomew,Tyres,btyreskc@blogspot.com,DEV
Terri,Mallatratt,tmallatrattkd@goo.ne.jp,DEV_OPS
Hermie,Lindenstrauss,hlindenstrausske@ted.com,QA
Bartram,Silcock,bsilcockkf@devhub.com,DEV_OPS
Alameda,McCullen,amccullenkg@bravesites.com,QA
Esther,Loudyan,eloudyankh@patch.com,QA
Lesya,Giblin,lgiblinki@paginegialle.it,DEV
Shani,Gwinn,sgwinnkj@census.gov,DEV
Dredi,Lamperti,dlampertikk@printfriendly.com,QA
Lois,Veltmann,lveltmannkl@privacy.gov.au,DEV
Arabela,Bourdis,abourdiskm@instagram.com,QA
Abramo,Pynn,apynnkn@toplist.cz,QA
Codie,Grinnell,cgrinnellko@geocities.jp,QA
Spense,Bowskill,sbowskillkp@live.com,DEV_OPS
Brion,Verlinden,bverlindenkq@loc.gov,QA
Augie,Toppes,atoppeskr@360.cn,DEV_OPS
Sondra,Barbrook,sbarbrookks@comsenz.com,DEV
Mata,Dixson,mdixsonkt@friendfeed.com,DEV
Oates,Tourle,otourleku@google.pl,QA
Lillian,Anning,lanningkv@cloudflare.com,DEV_OPS
Karoline,Fearnley,kfearnleykw@vimeo.com,DEV
Bettine,Perrie,bperriekx@cocolog-nifty.com,QA
Cristionna,Phillins,cphillinsky@homestead.com,DEV_OPS
Wyndham,Ward,wwardkz@bloglovin.com,DEV_OPS
Ezra,Wellbeloved,ewellbelovedl0@dell.com,DEV_OPS
Nomi,Doghartie,ndoghartiel1@google.co.uk,DEV_OPS
Lenci,Moniker,lmonikerl2@lycos.com,QA
Lalo,Daton,ldatonl3@yale.edu,DEV
Charo,Quinsee,cquinseel4@seattletimes.com,DEV_OPS
Clotilda,Rizzardo,crizzardol5@europa.eu,DEV
Paulie,Rutigliano,prutiglianol6@buzzfeed.com,DEV
Hildegaard,Praten,hpratenl7@geocities.com,DEV
Reeba,Bromidge,rbromidgel8@psu.edu,QA
Prue,Herity,pherityl9@de.vu,QA
Margalo,Litster,mlitsterla@howstuffworks.com,DEV
Job,Hickisson,jhickissonlb@nyu.edu,QA
Martin,Robic,mrobiclc@deliciousdays.com,DEV
Meier,McCrackan,mmccrackanld@wufoo.com,DEV
Shena,Portriss,sportrissle@soup.io,DEV_OPS
Jinny,Pietrowski,jpietrowskilf@skyrock.com,DEV_OPS
Marley,Marchello,mmarchellolg@whitehouse.gov,QA
Lacy,Aberdalgy,laberdalgylh@webeden.co.uk,DEV_OPS
Arleen,Leach,aleachli@plala.or.jp,DEV_OPS
Erinn,Forsey,eforseylj@time.com,DEV_OPS
Edy,Arendt,earendtlk@multiply.com,QA
Kirk,Kiddey,kkiddeyll@noaa.gov,DEV_OPS
Lester,Turford,lturfordlm@howstuffworks.com,QA
Dell,Hambly,dhamblyln@mit.edu,DEV_OPS
Joel,Duchasteau,jduchasteaulo@weibo.com,DEV
Lilllie,Adamo,ladamolp@nifty.com,DEV_OPS
Selina,Cumbers,scumberslq@tmall.com,QA
Zaccaria,Sollner,zsollnerlr@ebay.co.uk,DEV_OPS
Belva,Wernher,bwernherls@comsenz.com,DEV_OPS
Giselbert,Kitchenside,gkitchensidelt@nydailynews.com,DEV_OPS
Hieronymus,Vamplew,hvamplewlu@msu.edu,QA
Lucias,Billham,lbillhamlv@tumblr.com,DEV_OPS
Dori,Marchetti,dmarchettilw@shareasale.com,DEV_OPS
Udale,Glanert,uglanertlx@fotki.com,QA
Glennis,Huncoot,ghuncootly@comcast.net,QA
Bambie,Fosserd,bfosserdlz@fda.gov,QA
Philipa,Glaum,pglaumm0@tumblr.com,DEV
Jereme,Spuffard,jspuffardm1@wikia.com,DEV
Rosabelle,Lett,rlettm2@tamu.edu,DEV_OPS
Veronika,Vreede,vvreedem3@nyu.edu,DEV
Malva,McKitterick,mmckitterickm4@studiopress.com,DEV
Klara,Craghead,kcragheadm5@sciencedirect.com,DEV
Thalia,Swadling,tswadlingm6@apache.org,DEV_OPS
Chuck,Baynard,cbaynardm7@purevolume.com,DEV_OPS
Harmonia,Laffling,hlafflingm8@pinterest.com,QA
Angela,MacAless,amacalessm9@slashdot.org,DEV_OPS
Donall,Wogdon,dwogdonma@senate.gov,DEV_OPS
Giffy,Molian,gmolianmb@livejournal.com,DEV_OPS
Nikolai,Joder,njodermc@sakura.ne.jp,QA
Lamont,Skinn,lskinnmd@marketwatch.com,DEV
Brittan,Lowis,blowisme@reverbnation.com,DEV
Remus,Germann,rgermannmf@free.fr,DEV
Samuel,Carnow,scarnowmg@msu.edu,DEV
Nessa,McCrohon,nmccrohonmh@ezinearticles.com,DEV_OPS
Dore,Lerwill,dlerwillmi@yahoo.com,DEV
Shaun,Bottrell,sbottrellmj@walmart.com,DEV_OPS
Alayne,Bonafacino,abonafacinomk@symantec.com,QA
Clemence,Karpmann,ckarpmannml@si.edu,DEV_OPS
Rollins,Mackro,rmackromm@tripadvisor.com,DEV
Pebrook,Tollett,ptollettmn@behance.net,DEV_OPS
Thorin,Newarte,tnewartemo@cornell.edu,DEV
Hamnet,Buckeridge,hbuckeridgemp@miibeian.gov.cn,DEV_OPS
Morgan,Noweak,mnoweakmq@dailymail.co.uk,QA
Steward,Lamort,slamortmr@indiegogo.com,DEV_OPS
Tanya,Cuttles,tcuttlesms@zdnet.com,QA
Kyla,Byer,kbyermt@auda.org.au,DEV
Almeta,Truswell,atruswellmu@oakley.com,DEV
Jaimie,Peacey,jpeaceymv@mozilla.org,DEV
Virgie,Rosencwaig,vrosencwaigmw@house.gov,QA
Roddy,Atcheson,ratchesonmx@sphinn.com,QA
Moise,Huggens,mhuggensmy@sfgate.com,QA
Stinky,Larroway,slarrowaymz@chron.com,DEV
Clywd,Allcorn,callcornn0@aol.com,DEV
Maddalena,Natwick,mnatwickn1@comsenz.com,DEV_OPS
June,Slight,jslightn2@addtoany.com,DEV
Cody,Riolfo,criolfon3@studiopress.com,DEV
Algernon,Lohan,alohann4@umich.edu,DEV
Terri,Beuscher,tbeuschern5@taobao.com,QA
Cindy,Sinnocke,csinnocken6@about.me,QA
Felipe,Fewkes,ffewkesn7@netscape.com,DEV_OPS
Darla,Steptoe,dsteptoen8@smh.com.au,DEV
Demetris,Isacq,disacqn9@telegraph.co.uk,DEV
Aeriell,Muro,amurona@gov.uk,DEV
Irwinn,Maffin,imaffinnb@etsy.com,QA
Lila,Sciacovelli,lsciacovellinc@furl.net,DEV
Brigg,Heald,bhealdnd@arizona.edu,QA
Osmund,De Pero,odeperone@arizona.edu,DEV_OPS
Fairfax,Gircke,fgirckenf@sakura.ne.jp,DEV
Darb,Winspire,dwinspireng@slate.com,DEV
Estrellita,Dizlie,edizlienh@hud.gov,QA
Livia,Blakeborough,lblakeboroughni@yahoo.co.jp,DEV
Garry,Arnoldi,garnoldinj@wired.com,QA
Francisca,Reany,freanynk@comsenz.com,DEV
Noam,Marti,nmartinl@nyu.edu,QA
Paige,Espina,pespinanm@technorati.com,DEV_OPS
Gwenny,Toping,gtopingnn@altervista.org,DEV_OPS
Jodi,Hynam,jhynamno@npr.org,DEV_OPS
Claretta,Mahoney,cmahoneynp@cbslocal.com,DEV_OPS
Mile,Barney,mbarneynq@telegraph.co.uk,DEV
Harriot,McCome,hmccomenr@networkadvertising.org,QA
Ker,Nobriga,knobrigans@soundcloud.com,DEV
Brody,Besant,bbesantnt@google.ca,DEV_OPS
Orlan,Vian,oviannu@craigslist.org,DEV_OPS
Fowler,Baumadier,fbaumadiernv@amazon.de,QA
Rae,Van Hesteren,rvanhesterennw@huffingtonpost.com,QA
Jodi,Sail,jsailnx@discuz.net,DEV_OPS
Kalvin,de Amaya,kdeamayany@bizjournals.com,DEV_OPS
Leticia,Smethurst,lsmethurstnz@angelfire.com,DEV_OPS
Archambault,Jankiewicz,ajankiewiczo0@ted.com,QA
Melicent,Ewins,mewinso1@infoseek.co.jp,QA
Coop,Barthel,cbarthelo2@gmpg.org,DEV_OPS
Geoffrey,Bufton,gbuftono3@cnbc.com,DEV_OPS
Hervey,Godthaab,hgodthaabo4@mtv.com,DEV_OPS
Catharina,Filgate,cfilgateo5@blogs.com,DEV
Rennie,Crucetti,rcrucettio6@ftc.gov,DEV
Phylys,Lovatt,plovatto7@usda.gov,QA
Elfrida,Meir,emeiro8@ucla.edu,DEV_OPS
Sybil,Meysham,smeyshamo9@ask.com,QA
Valentin,Fawckner,vfawckneroa@time.com,DEV_OPS
Augie,O'Curran,aocurranob@dmoz.org,DEV
Thornie,Cruden,tcrudenoc@pen.io,DEV_OPS
Galina,Minihan,gminihanod@ameblo.jp,QA
Orin,Greatreax,ogreatreaxoe@rakuten.co.jp,DEV
Noami,Winkell,nwinkellof@europa.eu,QA
Devonne,Pickburn,dpickburnog@shop-pro.jp,QA
Curr,Skoggins,cskogginsoh@hao123.com,QA
Karena,Van Arsdale,kvanarsdaleoi@stumbleupon.com,DEV_OPS
Amanda,Gosling,agoslingoj@berkeley.edu,DEV
Doti,Espadas,despadasok@dagondesign.com,DEV
Brand,Georgel,bgeorgelol@trellian.com,DEV
Fey,Novotna,fnovotnaom@tripadvisor.com,DEV
Annabelle,Gasgarth,agasgarthon@plala.or.jp,DEV
Delmer,Iacomo,diacomooo@economist.com,QA
Lilly,Willcox,lwillcoxop@studiopress.com,QA
Enid,Voisey,evoiseyoq@icq.com,DEV_OPS
Audi,Pierrepoint,apierrepointor@eventbrite.com,DEV
Georas,Dimberline,gdimberlineos@amazon.co.jp,DEV_OPS
Francklin,Tadgell,ftadgellot@google.fr,DEV_OPS
Corbet,Faich,cfaichou@cisco.com,QA
Kelcy,De Giorgio,kdegiorgioov@wikipedia.org,QA
Stafford,Stoltz,sstoltzow@dell.com,DEV
Kayne,Robbings,krobbingsox@webmd.com,DEV_OPS
Welch,Pergens,wpergensoy@behance.net,DEV
Norrie,Chaperlin,nchaperlinoz@telegraph.co.uk,DEV_OPS
Madella,McEttigen,mmcettigenp0@nymag.com,DEV_OPS
Torrie,Larchiere,tlarchierep1@g.co,DEV_OPS
Roi,Dewi,rdewip2@who.int,DEV
Axe,Plett,aplettp3@oakley.com,DEV
Lucius,Shoute,lshoutep4@jimdo.com,QA
Nev,Zambonini,nzamboninip5@sciencedaily.com,DEV_OPS
Abbe,Wainman,awainmanp6@unicef.org,QA
Kandace,O'Lyhane,kolyhanep7@samsung.com,QA
Filia,Haggerty,fhaggertyp8@npr.org,QA
Sheela,Guerro,sguerrop9@google.fr,DEV
Emlynne,Divina,edivinapa@webs.com,QA
Abbott,Leverich,aleverichpb@shop-pro.jp,DEV
Matteo,Surgener,msurgenerpc@craigslist.org,DEV
Dane,Robardey,drobardeypd@arstechnica.com,DEV
Redd,Kenen,rkenenpe@blog.com,DEV_OPS
Kessia,Springham,kspringhampf@zdnet.com,DEV
Arvin,Stoggell,astoggellpg@epa.gov,DEV_OPS
Anatola,Jagiello,ajagielloph@netlog.com,DEV
Mortie,Priddey,mpriddeypi@google.com.au,DEV
Jules,MacLachlan,jmaclachlanpj@japanpost.jp,QA
Rani,Hewins,rhewinspk@bing.com,DEV
Brinn,Pask,bpaskpl@accuweather.com,QA
Tisha,Smooth,tsmoothpm@uol.com.br,DEV
Lenore,Silcox,lsilcoxpn@tiny.cc,DEV
Kermie,Shaxby,kshaxbypo@admin.ch,DEV
Hailee,McClymont,hmcclymontpp@vinaora.com,DEV_OPS
Micah,How to preserve,mhowtopreservepq@tripod.com,DEV_OPS
Rudolph,Kilfether,rkilfetherpr@yolasite.com,DEV
Suzi,Tabbernor,stabbernorps@cpanel.net,DEV_OPS
Colleen,Serjeant,cserjeantpt@dailymail.co.uk,DEV
Ted,Urian,turianpu@xrea.com,DEV
Clerkclaude,Meach,cmeachpv@fda.gov,QA
Lorilyn,Simison,lsimisonpw@ning.com,QA
Knox,Edlyne,kedlynepx@sina.com.cn,DEV_OPS
Cacilie,Imm,cimmpy@tinypic.com,QA
Georas,Casely,gcaselypz@sohu.com,QA
Ahmad,Hempshall,ahempshallq0@gnu.org,DEV
Levin,Brettelle,lbrettelleq1@bing.com,DEV_OPS
Arlana,Whipp,awhippq2@i2i.jp,DEV_OPS
Anabelle,Tattoo,atattooq3@i2i.jp,DEV
Sharia,Loins,sloinsq4@indiatimes.com,DEV_OPS
Andras,Mattinson,amattinsonq5@blinklist.com,QA
Gweneth,Senyard,gsenyardq6@google.co.jp,QA
Emmit,Lavarack,elavarackq7@sogou.com,DEV
Damara,Shevelin,dshevelinq8@biblegateway.com,DEV_OPS
Jeane,Piddlehinton,jpiddlehintonq9@slideshare.net,DEV_OPS
Karon,Loud,kloudqa@blog.com,DEV_OPS
Philomena,Gamblin,pgamblinqb@xrea.com,DEV_OPS
Felix,Lyddiatt,flyddiattqc@statcounter.com,DEV
Rolland,Ketley,rketleyqd@macromedia.com,DEV_OPS
Dolph,Blaisdell,dblaisdellqe@dell.com,QA
Owen,Cheek,ocheekqf@printfriendly.com,DEV_OPS
Jermayne,Fellis,jfellisqg@purevolume.com,DEV_OPS
Amelie,Wetherburn,awetherburnqh@nps.gov,QA
Candide,McKim,cmckimqi@walmart.com,DEV
Sonnnie,Dik,sdikqj@pcworld.com,DEV
Dori,Silverwood,dsilverwoodqk@java.com,DEV
Aleen,Paton,apatonql@auda.org.au,DEV
Hugibert,Brandino,hbrandinoqm@hubpages.com,QA
Montgomery,Danskine,mdanskineqn@nsw.gov.au,DEV
Ernest,Style,estyleqo@umn.edu,QA
Marci,Balls,mballsqp@imageshack.us,DEV
Gilligan,Blakiston,gblakistonqq@bigcartel.com,QA
Gauthier,Lane,glaneqr@barnesandnoble.com,DEV_OPS
Pembroke,Osmond,posmondqs@google.ca,DEV
Anallise,Fahy,afahyqt@homestead.com,DEV_OPS
Emmott,Fairman,efairmanqu@nsw.gov.au,DEV
Anallese,Barthelmes,abarthelmesqv@dell.com,DEV
Lorianna,Dargie,ldargieqw@fda.gov,DEV
Carolynn,Goldes,cgoldesqx@imdb.com,DEV
Judi,O'Gormley,jogormleyqy@ezinearticles.com,DEV
Moises,Radwell,mradwellqz@yale.edu,DEV_OPS
Job,Middlehurst,jmiddlehurstr0@constantcontact.com,DEV
Jeri,Davidowsky,jdavidowskyr1@a8.net,DEV_OPS
Flint,Fellis,ffellisr2@umich.edu,DEV_OPS
Ignace,Red,iredr3@accuweather.com,QA
Lilas,Spours,lspoursr4@rambler.ru,DEV_OPS
Afton,Gilbane,agilbaner5@mapy.cz,DEV_OPS
Bearnard,Mangam,bmangamr6@gov.uk,DEV_OPS
Irv,Kensitt,ikensittr7@scribd.com,QA
Halsey,Birk,hbirkr8@dyndns.org,DEV_OPS
Shelli,Cropper,scropperr9@ovh.net,DEV_OPS
Sky,Catterson,scattersonra@unicef.org,DEV
Dyanne,Fowle,dfowlerb@cbsnews.com,DEV
Roselle,Moland,rmolandrc@flavors.me,DEV
Maurice,Foard,mfoardrd@europa.eu,DEV_OPS
Imogene,Silburn,isilburnre@walmart.com,DEV
Ivonne,Grichukhanov,igrichukhanovrf@feedburner.com,DEV_OPS
Penn,Hedman,phedmanrg@about.com,QA
Felisha,Eliff,feliffrh@tinypic.com,DEV
Carin,Wheal,cwhealri@scribd.com,DEV
Leupold,Rooke,lrookerj@dailymail.co.uk,DEV_OPS
Rollo,Bellie,rbellierk@cbc.ca,DEV
Davidde,Staveley,dstaveleyrl@imageshack.us,QA
Nessie,Eastwood,neastwoodrm@barnesandnoble.com,DEV_OPS
Drucie,Matuschek,dmatuschekrn@topsy.com,DEV
Beale,Bruckner,bbrucknerro@theglobeandmail.com,DEV_OPS
Raoul,Arnault,rarnaultrp@spiegel.de,DEV
Adolf,Stacey,astaceyrq@chronoengine.com,DEV
Ody,Ashe,oasherr@list-manage.com,DEV
